,LifeExpectancy
0,75.81824452453287
1,77.56026254504974
2,74.93543714382162
3,73.55
4,76.07777777777778
5,77.60000000000001
6,73.93438523857748
7,74.13731622203817
8,73.61111111111111
9,74.08333333333333
10,73.92222222222222
11,74.7
12,74.82327412746636
13,74.6
14,73.3
15,76.53571428571429
16,73.62857142857142
17,73.46000000000001
18,77.89999999999999
19,75.17210479622837
20,74.51666666666667
21,75.15
22,76.5863905105141
23,72.47333333333333
24,75.02142857142857
25,75.86792895295963
26,74.0566074607997
27,72.90729780981314
28,73.42
29,73.36666666666666
30,74.81666666666666
31,76.40315571573241
32,75.48333333333333
33,75.81666666666666
34,75.96818181818182
35,73.57272727272726
36,74.31629940419131
37,74.86666666666667
38,74.65454545454546
39,74.75765936604382
40,77.66066179958477
41,75.98125
42,73.7
43,73.50912226226644
44,76.90201829775323
45,75.2
46,74.85118339339965
47,74.83333333333333
48,74.55655772712322
49,75.04285714285713
50,75.16160213260261
51,75.74849878322954
52,75.36982238239908
53,74.32000000000001
54,75.78868339339965
55,74.45
56,72.8
57,78.35267503003315
58,74.98534362670748
59,75.875
60,72.72272727272728
61,74.71000000000001
62,75.3712199092763
63,71.43888888888888
64,75.56189342943944
65,76.27973357359862
66,75.45849530674245
67,86.9
68,77.75
69,78.0646691433306
70,78.73333333333333
71,79.9
72,78.30946714719724
73,83.25
74,78.1383369179785
75,82.6
76,78.80473357359861
77,81.16666666666667
78,80.02380516516902
79,79.85
80,79.5637868588789
81,78.30946714719724
82,77.0
83,78.95872779779988
84,82.2
85,78.46982238239907
86,77.5
87,84.6
88,77.97736678679931
89,79.0
90,80.8
91,77.85
92,80.96666666666667
93,78.30946714719724
94,78.7
95,78.30946714719724
96,76.275
97,75.74374999999999
98,78.18243339339965
99,78.85815719434255
100,78.47052509009949
101,78.25555555555555
102,81.23648904906575
103,77.07988158826605
104,78.54093428958205
105,75.54550704379496
106,76.7651269127224
107,78.3062191290089
108,78.55230763884752
109,81.18094671471972
110,78.76756829973307
111,78.1470037149959
112,74.725
113,76.52992387817105
114,75.60105190524413
115,78.14732518968151
116,76.48571428571428
117,73.32000000000001
118,74.6
119,76.96000000000001
120,74.45
121,74.97999999999999
122,73.66666666666667
123,76.71428571428571
124,76.75
125,77.14
126,75.05
127,75.78235294117647
128,75.52727272727272
129,74.30689342943944
130,73.8
131,75.56982238239908
132,75.08
133,75.56
134,76.19275737177578
135,74.7
136,76.6
137,74.48547335735987
138,75.625
139,75.6
140,76.72
141,73.41428571428571
142,74.53333333333333
143,76.77618339339966
144,78.44999999999999
145,74.42
146,73.42956113113321
147,77.31666666666666
148,73.55
149,76.95
150,73.475
151,76.025
152,75.6
153,75.88333333333334
154,75.20684169669983
155,75.5
156,75.475
157,73.6507889289331
158,74.35833333333333
159,76.3
160,77.0
161,74.33333333333333
162,82.19999999999999
163,75.45
164,75.83333333333333
165,72.38333333333334
166,74.8
167,72.45714285714286
168,75.8
169,76.46363636363637
170,78.16666666666667
171,75.8322765266356
172,75.25
173,76.75759367367606
174,75.8
175,75.60000000000001
176,75.7
177,75.275
178,74.9
179,75.21666666666667
180,73.56666666666666
181,74.11
182,77.06
183,77.94434169669982
184,75.8084205497844
185,78.6
186,76.28491119119954
187,80.68425967973833
188,80.4
189,79.19999999999999
190,77.72586145675284
191,80.58094671471972
192,80.22
193,80.65684169669983
194,76.71368339339965
195,80.41760006705078
196,78.38530521194762
197,80.95
198,78.20706239659337
199,79.9135140094966
200,80.76666666666667
201,76.99775457948577
202,78.41216301635525
203,75.05396447647982
204,76.63438523857747
205,80.41578142580912
206,77.92215074553032
207,82.93477385242832
208,78.38491119119954
209,79.19092700700939
210,78.289989125453
211,79.8
212,80.06982238239908
213,80.6263376295487
214,81.03094671471972
215,79.96047335735986
216,81.41064680502484
217,79.96402361421127
218,78.02992387817105
219,78.99685330522897
220,78.69356763880869
221,82.39999999999999
222,78.18065295800095
223,80.57968942025202
224,81.41573000046266
225,77.4763271017784
226,79.85933590035499
227,82.57124558786825
228,81.00660746079969
229,82.41959500791383
230,81.05956231855063
231,76.80644723223328
232,84.9
233,78.79420959245674
234,78.7652736461498
235,80.47647335735986
236,77.64391916427226
237,78.61949843558082
238,77.2909090909091
239,80.38189342943944
240,77.99242906598971
241,79.25626675403586
242,80.81737398226187
243,80.27699519227276
244,76.13639051051409
245,78.00490450698534
246,78.15
247,79.51155653123226
248,82.05
249,80.0
250,78.0
251,80.79193344639936
252,80.19151865199923
253,79.62189342943944
254,89.5
255,82.9
256,82.25
257,79.5
258,76.4
259,82.7
260,78.88571428571429
261,78.5023093059775
262,76.8
263,81.45892904052414
264,79.4781908194266
265,78.94054160499654
266,80.51428571428572
267,76.6020286743994
268,81.0008606497452
269,81.8
270,80.53333333333335
271,80.07736678679932
272,81.4
273,79.85473357359862
274,78.7
275,79.73957203987213
276,78.2
277,80.03333333333335
278,81.72
279,78.45473357359862
280,80.17826857214202
281,78.61666666666667
282,80.8
283,78.18333333333334
284,78.41099773428947
285,78.30946714719724
286,77.925
287,80.82857142857142
288,79.38
289,79.7125
290,76.94285714285715
291,83.2
292,79.16568028831834
293,80.1
294,82.425
295,78.86
296,76.50250670161434
297,78.95
298,78.93333333333334
299,81.7625
300,82.6
301,78.30946714719724
302,78.83210036039793
303,76.1
304,79.80568028831834
305,80.03491119119954
306,80.15
307,79.07871352600458
308,79.65
309,81.37808406245297
310,79.41126371836413
311,79.91465364188208
312,80.54401084977276
313,79.23628774458933
314,79.50208891801196
315,80.55680468055125
316,79.28075737177578
317,76.9829657148118
318,77.80363158150824
319,78.45695809588106
320,76.55660636905453
321,78.03629535822789
322,75.95
323,76.1078939939997
324,76.2
325,77.36716493757179
326,79.22667296401748
327,77.66666666666667
328,78.65041718026617
329,75.17890954097132
330,77.22364890490658
331,80.92624334064809
332,75.0507889289331
333,77.97777777777777
334,76.87736678679931
335,75.8704958047723
336,75.37287966299981
337,78.93899687116165
338,76.35315571573241
339,75.62222222222222
340,77.36
341,76.42973357359861
342,76.9523667867993
343,75.10000000000001
344,79.53333333333335
345,78.31563816388531
346,76.41216301635525
347,77.55695809588107
348,77.66610807818022
349,74.5
350,79.50122156738028
351,74.72727272727273
352,76.9523667867993
353,77.75473357359863
354,77.81334528099976
355,78.61732623690487
356,77.69417850910543
357,75.60189342943946
358,75.85
359,76.14
360,78.9537637434935
361,75.85690800515516
362,81.1485371037774
363,80.37340581923368
364,79.20828396397367
365,78.22380516516901
366,78.04993804037177
367,77.36903345346597
368,78.42497781956304
369,78.99186024464342
370,80.04580717309781
371,76.63282694097867
372,77.73456483215573
373,77.31406668850897
374,74.74173336159983
375,77.32765131901517
376,79.99823726379748
377,79.6693752329114
378,79.945749687258
379,77.75375409543099
380,76.88769842265162
381,75.74285714285715
382,76.52189342943946
383,73.43333333333334
384,77.13934389758575
385,76.90189342943945
386,78.1507889289331
387,74.68706673531389
388,74.90189342943945
389,74.56666666666666
390,72.83333333333333
391,77.1
392,75.04444444444444
393,76.225
394,75.33941484151096
395,76.18729780981315
396,73.28
397,75.36824452453287
398,74.00789399399969
399,75.53333333333335
400,75.06666666666666
401,74.64
402,76.75984775634207
403,76.28570012013265
404,74.58491119119954
405,75.8
406,77.1
407,76.92076376741743
408,75.39999999999999
409,75.21820394983513
410,76.4909090909091
411,76.6
412,76.58907785786622
413,77.32757371775779
414,73.8015778578662
415,79.05457439593826
416,77.65522676277278
417,72.2
418,75.86951474355155
419,73.0
420,79.29935894094636
421,73.73438523857746
422,75.31
423,78.37594671471973
424,74.15
425,77.39547335735986
426,75.63333333333333
427,74.95
428,76.275
429,77.03333333333333
430,77.81365431583964
431,74.35714285714286
432,76.0515778578662
433,79.93333333333334
434,74.64849878322953
435,76.285
436,74.02000000000001
437,74.55000000000001
438,76.24
439,73.7
440,73.10000000000001
441,76.60000000000001
442,76.32189342943944
443,79.775
444,75.765
445,79.60105190524413
446,74.44
447,77.55930205971707
448,79.2
449,77.0
450,77.30059169669983
451,76.44444444444444
452,76.5
453,76.83127632777064
454,78.93673871110757
455,78.275
456,78.12274817484429
457,77.25
458,73.22
459,80.44189342943945
460,77.02000000000001
461,75.16666666666667
462,77.57275737177578
463,77.1743246585738
464,76.2
465,75.85454545454546
466,75.36666666666667
467,73.60000000000001
468,76.12736678679931
469,73.75
470,76.2
471,75.13333333333334
472,74.5
473,76.75
474,74.04688208824595
475,77.86189342943945
476,76.74982238239907
477,76.35
478,77.06982238239908
479,75.692
480,77.4
481,77.25236678679931
482,75.3
483,76.45
484,74.03999999999999
485,77.74378685887889
486,74.125
487,76.23333333333333
488,75.2
489,77.03999999999999
490,77.33333333333333
491,76.66
492,74.6625
493,74.85561010822616
494,75.76153846153846
495,80.83333333333333
496,76.2
497,77.36991586534694
498,76.00157785786621
499,77.26666666666667
500,75.05
501,77.175
502,73.72857142857143
503,74.73333333333333
504,76.7837868588789
505,77.7
506,78.76
507,75.15
508,74.30120857198263
509,77.67333333333333
510,77.1
511,75.17999999999999
512,73.7
513,73.55833333333334
514,73.74
515,76.75
516,75.9
517,75.90315571573241
518,75.6
519,74.5
520,74.53333333333333
521,78.7
522,74.175
523,75.32727272727273
524,75.92222222222222
525,74.36666666666666
526,79.63333333333334
527,76.6
528,75.91428571428571
529,74.9
530,74.55
531,77.88648904906574
532,73.07142857142857
533,75.41538461538461
534,76.55333333333333
535,72.66666666666667
536,71.80000000000001
537,77.34
538,74.58333333333333
539,77.55
540,77.3
541,78.28
542,77.59444444444445
543,73.275
544,75.55
545,74.2
546,74.3
547,79.90721883004706
548,80.80483067986839
549,78.30946714719724
550,82.6557256315286
551,80.54335094042068
552,79.91525423728814
553,79.0
554,77.17899402676314
555,81.0
556,75.6
557,78.77499999999999
558,82.15
559,81.6
560,78.9
561,78.79523809523809
562,80.65
563,78.3
564,78.7
565,78.08620689655173
566,77.94999999999999
567,78.66666666666667
568,78.30946714719724
569,76.85
570,87.7
571,77.96189342943944
572,80.6
573,79.10000000000001
574,77.46666666666667
575,78.0
576,79.52189342943944
577,80.725
578,78.46
579,79.31275737177577
580,80.3
581,79.13333333333334
582,80.66982238239909
583,79.1
584,79.16666666666667
585,79.32
586,78.24094671471973
587,81.1
588,80.76666666666667
589,79.0
590,79.9
591,80.96666666666667
592,85.4
593,77.42210479622838
594,81.5
595,78.53333333333333
596,77.45555555555556
597,74.475
598,77.675
599,78.34285714285714
600,75.65
601,80.35094671471973
602,82.15
603,78.25
604,76.8
605,79.68548225994368
606,76.42999999999999
607,76.575
608,76.125
609,79.8375
610,77.39324452453288
611,77.87166534534987
612,77.0
613,78.26666666666667
614,78.02000000000001
615,80.04375877592355
616,79.26
617,81.05537472917756
618,76.76
619,78.7
620,77.6375
621,79.02992387817103
622,77.84189342943945
623,75.5507889289331
624,77.8007889289331
625,73.69999999999999
626,76.92
627,78.4
628,77.46666666666667
629,81.54285714285713
630,78.0
631,80.46666666666667
632,78.75384615384615
633,77.76666666666667
634,76.71563816388532
635,78.63333333333333
636,75.98181818181818
637,77.08333333333333
638,79.8015778578662
639,77.65236678679932
640,80.21364554017553
641,77.48965517241379
642,79.9
643,76.40059169669982
644,77.35357142857143
645,80.04613077025435
646,72.38
647,78.0
648,77.33
649,77.175
650,76.38235294117646
651,77.48534362670748
652,76.46572896962618
653,75.625
654,76.72
655,75.95
656,74.775
657,78.53094671471972
658,79.52518206052302
659,78.53843261408727
660,78.93333333333334
661,78.975
662,79.96666666666667
663,76.0375
664,77.64
665,77.65
666,79.36363636363636
667,76.68333333333334
668,77.28333333333333
669,79.575
670,79.28
671,78.5
672,75.2
673,81.80000000000001
674,78.22222222222223
675,77.84
676,78.02773667867993
677,74.14444444444445
678,77.00035725083764
679,79.03333333333333
680,79.69999999999999
681,80.18333333333334
682,76.01729780981314
683,80.65
684,79.88461538461539
685,78.68333333333334
686,76.74
687,75.10833333333333
688,78.725
689,79.2
690,78.725
691,78.66
692,75.06
693,78.13333333333334
694,78.486931616884
695,76.51333333333334
696,76.35868745836876
697,79.43333333333334
698,80.10000000000001
699,77.35862918168324
700,78.2739644764798
701,77.56666666666666
702,75.625
703,79.08000000000001
704,77.85
705,79.57278102102818
706,78.28181818181818
707,75.32692307692308
708,78.21666666666667
709,77.5375
710,76.5
711,76.97142857142856
712,77.97777777777777
713,78.52000000000001
714,79.31666666666666
715,76.0285600961061
716,78.98571428571428
717,78.62804075408881
718,74.82857142857142
719,76.185
720,77.12
721,78.76
722,76.8
723,78.55714285714285
724,75.1875
725,76.53333333333333
726,80.83918978055364
727,77.76
728,78.06666666666668
729,79.58095238095238
730,76.63846153846154
731,75.985
732,77.57777777777778
733,76.05
734,77.1625
735,76.47142857142856
736,75.57142857142857
737,77.66666666666667
738,77.71406668850896
739,75.64
740,77.94736842105263
741,79.2125
742,75.64860231542059
743,75.30548589606768
744,74.78
745,75.31376938235668
746,75.23500896074982
747,78.94166666666666
748,78.36666666666666
749,76.33
750,78.70566894121218
751,78.44444444444444
752,76.26923076923077
753,76.55
754,77.9
755,78.35
756,77.01666666666667
757,76.94
758,78.425
759,75.96000000000001
760,80.925
761,77.75901017381776
762,77.88571428571429
763,77.05
764,77.75714285714285
765,78.38868339339966
766,78.21666666666667
767,77.74
768,73.47999999999999
769,77.71094671471973
770,80.74
771,76.58063114314648
772,73.91428571428571
773,78.53438523857747
774,77.92
775,75.39999999999999
776,78.44748115900497
777,77.95
778,77.94999999999999
779,75.56588574370596
780,77.42
781,74.74642857142858
782,76.5625
783,80.85
784,79.33636363636364
785,74.98333333333333
786,76.08235294117648
787,80.24285714285715
788,78.625
789,80.62857142857142
790,78.13333333333333
791,78.1
792,79.88
793,76.86
794,77.5
795,80.77142857142857
796,77.99047022602076
797,80.45714285714287
798,81.0375
799,79.06666666666666
800,80.11666666666666
801,79.53999999999999
802,78.725
803,80.13333333333334
804,77.62
805,82.17999999999999
806,80.21904246792703
807,80.05
808,81.275
809,78.03333333333333
810,80.05
811,79.7
812,77.90833333333333
813,78.38
814,81.52666666666667
815,80.5
816,78.73333333333333
817,78.7
818,78.48181818181818
819,79.94
820,79.0076923076923
821,77.8
822,78.41428571428571
823,79.7
824,81.3
825,77.5
826,78.425
827,80.725
828,80.43333333333334
829,80.2
830,79.625
831,80.03333333333333
832,77.16
833,79.75999999999999
834,78.56666666666666
835,81.15
836,79.3
837,79.85
838,78.68333333333332
839,79.04444444444444
840,79.80236678679931
841,81.34363898899943
842,80.84
843,79.775
844,79.75
845,76.92727272727274
846,79.30687704771549
847,80.7
848,77.30000000000001
849,81.06666666666666
850,80.2
851,78.22857142857143
852,78.675
853,79.03999999999999
854,76.68189342943944
855,81.10000000000001
856,75.6
857,76.46666666666665
858,77.925
859,80.15
860,78.7
861,82.1
862,78.88333333333334
863,78.4
864,80.75
865,77.60000000000001
866,78.42506941717534
867,78.57333333333332
868,79.03999999999999
869,75.69999999999999
870,79.65
871,78.36808510638298
872,79.05
873,82.17142857142858
874,80.11831350151904
875,79.66666666666667
876,78.83333333333333
877,77.975
878,79.1
879,77.30909090909091
880,79.71666666666667
881,79.9
882,78.60000000000001
883,76.50833333333334
884,80.63333333333333
885,82.03999999999999
886,77.50036412104605
887,78.8
888,79.14
889,75.96
890,79.75
891,76.95
892,76.35
893,78.4125
894,75.78
895,76.96666666666665
896,77.57692307692308
897,78.9
898,77.4
899,74.63333333333334
900,81.4
901,86.6
902,78.15
903,76.875
904,77.03333333333335
905,76.5
906,76.38181818181819
907,76.60909090909091
908,78.1
909,77.98333333333333
910,80.39999999999999
911,79.97813337701793
912,78.3
913,77.5
914,79.10000000000001
915,77.45
916,78.03491119119954
917,79.94285714285715
918,77.14000000000001
919,77.12618339339966
920,80.0
921,78.30000000000001
922,79.1
923,86.15
924,77.2
925,76.10000000000001
926,78.2
927,75.63333333333334
928,79.73333333333333
929,88.6
930,81.8
931,79.43333333333332
932,77.85
933,79.10473357359862
934,80.45871184662124
935,78.4
936,78.76666666666667
937,80.8
938,75.15
939,79.8
940,77.45743339339965
941,80.3
942,78.2
943,79.8
944,78.0875
945,78.10000000000001
946,78.975
947,78.97142857142856
948,80.69999999999999
949,79.52618339339965
950,77.9
951,75.72307692307693
952,78.35
953,85.3
954,79.43333333333334
955,76.88
956,78.45
957,80.4
958,78.0
959,76.8
960,77.25
961,77.15
962,76.76666666666667
963,79.825
964,76.60000000000001
965,80.9
966,76.80588235294118
967,78.89999999999999
968,76.63333333333334
969,79.96766683828473
970,78.0
971,79.65
972,79.69999999999999
973,78.03333333333333
974,78.5
975,77.00990646323864
976,79.40189342943945
977,77.51162790697674
978,77.9
979,78.6
980,77.65
981,76.4
982,87.9
983,79.75
984,76.98333333333333
985,81.75
986,76.0
987,79.19999999999999
988,81.6
989,80.44999999999999
990,78.1
991,74.8
992,73.5
993,75.83917153154226
994,76.01428571428572
995,74.53333333333333
996,75.86
997,75.89999999999999
998,75.76
999,74.46666666666667
1000,74.21111111111111
1001,78.42770305214533
1002,77.20157785786621
1003,74.79303593439978
1004,76.51428571428572
1005,74.23333333333333
1006,70.15714285714286
1007,74.86666666666666
1008,77.34099269937717
1009,75.36
1010,76.46666666666667
1011,76.12327412746636
1012,76.3723786858879
1013,77.13333333333334
1014,73.83333333333333
1015,75.28571428571429
1016,75.16
1017,76.04985977557821
1018,74.72999999999999
1019,74.35315571573241
1020,73.66666666666667
1021,75.475
1022,74.1
1023,76.6743246585738
1024,76.05236678679931
1025,76.1
1026,71.35
1027,77.67920331063381
1028,74.025
1029,73.03
1030,75.84545454545454
1031,73.85
1032,73.0
1033,76.625
1034,74.55
1035,76.6
1036,73.89999999999999
1037,75.19999999999999
1038,76.43543714382162
1039,77.60000000000001
1040,76.69674552007235
1041,73.10909090909091
1042,75.62189342943944
1043,74.24
1044,74.97272727272728
1045,75.64
1046,74.7
1047,73.91666666666667
1048,72.66666666666667
1049,76.16746180274751
1050,77.11216301635525
1051,74.05
1052,75.19268292682926
1053,73.84
1054,73.475
1055,74.675
1056,75.58607186879956
1057,73.26
1058,72.66666666666667
1059,74.03333333333335
1060,72.87142857142858
1061,75.725
1062,74.10157785786622
1063,75.0
1064,75.16666666666667
1065,77.50315571573242
1066,76.36941759444181
1067,74.1523667867993
1068,76.26666666666667
1069,75.75
1070,75.86982238239908
1071,75.24
1072,74.84705882352942
1073,74.30236678679931
1074,79.46666666666667
1075,75.18986678679931
1076,75.15
1077,76.67999999999999
1078,74.73333333333333
1079,72.19999999999999
1080,76.14999999999999
1081,73.97999999999999
1082,74.22222222222223
1083,75.84444444444445
1084,73.25
1085,75.50135244959961
1086,79.59420959245675
1087,75.36666666666667
1088,71.9
1089,75.03333333333335
1090,71.9375
1091,72.67894736842106
1092,70.75
1093,75.0363905105141
1094,72.5
1095,72.9
1096,75.275
1097,74.3
1098,77.88774296011368
1099,78.3111111111111
1100,75.6
1101,76.8
1102,75.94
1103,76.675
1104,77.42568028831835
1105,75.05000000000001
1106,75.75
1107,76.8640778578662
1108,76.76666666666667
1109,76.26
1110,74.80000000000001
1111,72.50118339339966
1112,75.45
1113,77.3125
1114,74.76745559559977
1115,76.2
1116,78.39353336765694
1117,76.75
1118,75.08994079413303
1119,75.0
1120,74.03999999999999
1121,76.28224850669079
1122,74.50356877252487
1123,74.75973639639982
1124,74.33333333333333
1125,78.26982238239908
1126,72.86666666666666
1127,75.7
1128,73.16
1129,73.81428571428572
1130,75.36526237629532
1131,72.13648904906574
1132,76.0
1133,75.2
1134,73.73333333333333
1135,74.34
1136,75.51368339339966
1137,74.02857142857144
1138,75.28
1139,74.75714285714285
1140,76.45500160885649
1141,77.8
1142,77.84550704379495
1143,75.90118339339965
1144,77.40094671471972
1145,76.30699613496438
1146,71.4
1147,71.6875
1148,76.41216301635524
1149,75.7756159006549
1150,74.62523667867993
1151,75.64760016017686
1152,76.93333333333334
1153,75.20389095277551
1154,74.3
1155,74.48333333333333
1156,75.07142857142857
1157,75.41877047715495
1158,76.96995901132286
1159,74.75
1160,76.51428571428572
1161,74.99090909090908
1162,74.67368421052632
1163,75.46363636363637
1164,74.25938042042337
1165,77.6755194357206
1166,74.69500000000001
1167,79.60315571573241
1168,74.98722428610884
1169,73.68333333333334
1170,76.59303593439978
1171,77.15315571573241
1172,73.67358792247248
1173,75.08181818181818
1174,76.62
1175,75.46666666666667
1176,77.53648904906574
1177,73.95
1178,77.12992387817103
1179,77.85574452453288
1180,79.78229262337861
1181,78.20210381048827
1182,79.67882968302192
1183,77.86865811101909
1184,78.70258194923561
1185,78.80284014415918
1186,78.74396092564625
1187,77.41313344824282
1188,77.24105018019897
1189,79.53543714382161
1190,76.96049420244657
1191,78.8875
1192,76.62992387817103
1193,78.9237984677458
1194,76.32173913043479
1195,78.82357844931026
1196,78.09025049423535
1197,73.56644671471972
1198,80.61102458669458
1199,75.83333333333333
1200,78.48182808282098
1201,76.76365616564196
1202,79.58125594498047
1203,77.68094671471972
1204,79.95456395805888
1205,78.01428571428572
1206,78.75889127865234
1207,81.64562667540358
1208,78.76824452453288
1209,82.68484654515329
1210,79.50169912224564
1211,78.98774296011369
1212,75.72736678679931
1213,80.47882968302191
1214,80.0008606497452
1215,76.35713754504974
1216,76.9421052631579
1217,77.9781412612701
1218,80.20450531374006
1219,80.20280684992814
1220,78.48284022689515
1221,80.68189342943944
1222,80.5358151447165
1223,80.87777777777778
1224,78.60503819703295
1225,80.97684083417724
1226,81.55293251591435
1227,80.66982238239908
1228,81.4147610330338
1229,79.82451224928295
1230,79.38468171509021
1231,79.6857953655999
1232,77.08648904906575
1233,80.47736678679931
1234,79.47675737177578
1235,77.36094671471972
1236,79.85118339339965
1237,77.37413347062777
1238,76.90315571573241
1239,79.36363636363636
1240,77.07072100545174
1241,78.63491119119954
1242,76.89222314886518
1243,77.19166666666666
1244,76.37228036652293
1245,77.87272727272727
1246,79.16563816388532
1247,79.0677185719108
1248,78.14045848349915
1249,75.47358792247248
1250,79.75540610429066
1251,78.22189342943945
1252,79.63222571495342
1253,79.89999999999999
1254,78.79319525525705
1255,79.67988158826604
1256,75.56269928065929
1257,76.4
1258,77.52618339339965
1259,79.86526277336455
1260,78.13094671471973
1261,77.63333333333334
1262,78.68491119119953
1263,77.96372318781475
1264,78.03567090054253
1265,78.51611285747671
1266,76.50189342943945
1267,81.36
1268,78.4145956196263
1269,77.15024913545255
1270,78.87276027606993
1271,76.74
1272,79.6152135604374
1273,79.77297809813149
1274,78.35
1275,78.01745559559977
1276,81.43127632777065
1277,77.94782608695652
1278,79.27111259981622
1279,79.90473357359862
1280,81.33491119119954
1281,77.19088973692887
1282,77.88189342943944
1283,78.87313605766367
1284,78.00105190524414
1285,77.8926303903995
1286,81.68868339339966
1287,79.84210526315789
1288,78.1
1289,77.13357608069737
1290,78.68461538461538
1291,76.56
1292,76.98859225923714
1293,78.05454545454546
1294,78.93619094692532
1295,79.00236678679931
1296,75.97142857142856
1297,80.05236678679931
1298,78.3
1299,76.5
1300,78.46666666666667
1301,80.82274817484429
1302,77.88706673531388
1303,76.71189342943946
1304,76.40892857142856
1305,78.7007282420921
1306,79.2773667867993
1307,77.36470588235295
1308,76.30456802883184
1309,76.62941176470588
1310,78.22210479622836
1311,78.31309169669983
1312,79.33289342943945
1313,74.80919917036964
1314,77.0875
1315,79.48333333333333
1316,80.0079132877492
1317,80.35
1318,78.71000000000001
1319,79.71111111111111
1320,78.23333333333333
1321,80.24434169669983
1322,81.3125
1323,77.81428571428572
1324,81.94310180496812
1325,79.76
1326,80.075
1327,80.28
1328,79.89230769230768
1329,79.16666666666667
1330,80.36982238239908
1331,80.0
1332,80.225
1333,80.55839300774723
1334,81.67999999999999
1335,81.73333333333333
1336,81.2
1337,82.53333333333333
1338,81.61
1339,80.83
1340,84.9
1341,80.15229658421381
1342,82.88
1343,82.17142857142858
1344,80.9125
1345,79.89090909090909
1346,84.75
1347,80.225
1348,81.425
1349,79.95
1350,78.75
1351,79.16666666666667
1352,79.35236678679931
1353,83.35
1354,81.35000000000001
1355,81.3
1356,80.02857142857142
1357,77.19999999999999
1358,85.35
1359,81.3
1360,82.18571428571428
1361,80.66666666666667
1362,77.42857142857143
1363,81.975
1364,80.72727272727273
1365,81.39999999999999
1366,81.60000000000001
1367,82.08333333333333
1368,78.16666666666667
1369,81.3
1370,80.97647058823529
1371,80.02000000000001
1372,79.6875
1373,80.06
1374,78.39
1375,82.45
1376,79.47128664255752
1377,80.80000000000001
1378,80.68333333333334
1379,78.61666666666666
1380,81.32307692307693
1381,78.73333333333333
1382,82.32000000000001
1383,80.80952380952381
1384,80.73636363636363
1385,80.825
1386,78.2532279109012
1387,81.67306669980671
1388,82.6125
1389,83.66666666666667
1390,83.67500000000001
1391,81.5125
1392,78.0
1393,82.25
1394,77.86666666666667
1395,81.1
1396,81.70637868588788
1397,81.76666666666667
1398,80.4
1399,80.65094671471972
1400,81.05938042042337
1401,80.825
1402,73.14444444444445
1403,74.47278102102817
1404,77.89999999999999
1405,76.88333333333334
1406,73.0
1407,74.7375
1408,75.97999999999999
1409,76.35
1410,76.225
1411,73.8
1412,74.60000000000001
1413,73.075
1414,75.22189342943946
1415,74.41428571428571
1416,74.0
1417,74.9
1418,76.73030303030303
1419,74.20055689101162
1420,74.69999999999999
1421,74.8
1422,73.05
1423,73.28
1424,76.52618339339965
1425,74.68819136702572
1426,75.33184169669983
1427,73.62
1428,77.06666666666666
1429,72.2
1430,74.96000000000001
1431,75.67059778399953
1432,74.575
1433,76.15
1434,74.46666666666667
1435,75.48639051051408
1436,75.85
1437,77.92094671471973
1438,76.3125
1439,74.63734037616827
1440,73.63333333333333
1441,73.94
1442,77.42155090248407
1443,72.6875
1444,73.26666666666667
1445,76.22210479622836
1446,78.76711748319987
1447,71.64999999999999
1448,74.73491119119954
1449,75.8111111111111
1450,73.03333333333335
1451,72.68571428571428
1452,73.56
1453,76.89999999999999
1454,77.5625
1455,73.26666666666667
1456,74.5
1457,74.16666666666667
1458,73.05
1459,77.86824452453287
1460,76.46000000000001
1461,72.10000000000001
1462,77.78253338672563
1463,74.11666666666666
1464,73.45
1465,74.78189342943945
1466,79.2
1467,74.10000000000001
1468,73.60000000000001
1469,70.85
1470,75.5
1471,73.55
1472,74.6523667867993
1473,74.60315571573241
1474,76.01666666666667
1475,73.10000000000001
1476,74.21666666666667
1477,72.26842105263158
1478,74.625
1479,75.10000000000001
1480,74.4
1481,75.5
1482,73.26666666666667
1483,73.5
1484,77.88841918491349
1485,79.675
1486,76.94999999999999
1487,77.12857142857142
1488,76.77142857142857
1489,77.60000000000001
1490,78.9
1491,75.61666666666666
1492,73.9
1493,79.23988975459254
1494,75.324
1495,72.56
1496,75.6
1497,77.5875
1498,79.50909090909092
1499,77.60743339339966
1500,77.36666666666666
1501,75.94999999999999
1502,78.03547335735986
1503,74.89999999999999
1504,78.73333333333333
1505,79.11428571428571
1506,76.86666666666667
1507,78.41179396123624
1508,76.75
1509,77.6
1510,76.82000000000001
1511,75.68491119119953
1512,77.25
1513,77.13333333333334
1514,76.0
1515,79.15
1516,75.4
1517,74.8
1518,73.17999999999999
1519,77.09411764705882
1520,77.08189342943945
1521,78.35
1522,77.1377075578837
1523,78.175
1524,77.13333333333334
1525,74.95
1526,82.2
1527,76.8
1528,78.5
1529,75.6375
1530,76.12736678679931
1531,76.06642082605796
1532,75.7
1533,76.51213017017137
1534,77.7677185719108
1535,77.35
1536,75.71666666666667
1537,77.05714285714285
1538,76.55714285714285
1539,77.07499999999999
1540,76.62857142857142
1541,76.53999999999999
1542,77.96189342943946
1543,77.32000000000001
1544,75.53648904906574
1545,79.2
1546,76.775
1547,76.775
1548,76.35
1549,76.5
1550,75.65
1551,77.85
1552,80.63333333333333
1553,76.475
1554,75.35999999999999
1555,77.18491119119953
1556,76.33333333333333
1557,77.46000000000001
1558,75.10000000000001
1559,78.825
1560,81.15
1561,72.85000000000001
1562,81.38
1563,77.80909090909091
1564,77.03
1565,76.4
1566,79.4264200720796
1567,77.85
1568,76.11426682684353
1569,80.80473357359861
1570,78.2
1571,75.56666666666666
1572,77.225
1573,78.2
1574,71.875
1575,77.5625
1576,78.1
1577,73.55
1578,77.31094671471973
1579,76.85
1580,75.96666666666665
1581,79.89264473790372
1582,77.89999999999999
1583,74.10000000000001
1584,78.61143586521396
1585,73.81212456910166
1586,77.375
1587,75.35
1588,77.64999999999999
1589,77.23333333333333
1590,77.03
1591,76.475
1592,75.93333333333332
1593,79.08
1594,74.24
1595,75.1
1596,76.9
1597,77.0
1598,75.175
1599,79.8
1600,77.52000000000001
1601,77.85236678679931
1602,75.30473357359861
1603,79.5
1604,78.7
1605,76.92770305214533
1606,81.6
1607,76.76666666666667
1608,81.4
1609,80.36666666666667
1610,76.53333333333333
1611,79.1
1612,79.55
1613,79.8110245866946
1614,80.56038188370871
1615,79.9
1616,75.87736678679931
1617,78.30946714719724
1618,87.0
1619,77.93333333333334
1620,79.8
1621,82.7
1622,79.9375
1623,79.27857142857144
1624,77.9
1625,78.82000000000001
1626,84.13333333333333
1627,81.8
1628,75.8
1629,77.85
1630,79.05594671471972
1631,77.85
1632,78.46824452453286
1633,78.30946714719724
1634,78.6
1635,78.7
1636,77.9
1637,77.95
1638,77.9
1639,80.17
1640,78.15
1641,75.8
1642,79.525
1643,79.56666666666666
1644,77.4
1645,75.7
1646,79.76666666666667
1647,79.8
1648,83.8
1649,78.33648904906575
1650,78.30946714719724
1651,76.8
1652,80.8
1653,77.9
1654,78.13467084834991
1655,79.21111111111111
1656,82.23333333333333
1657,78.30946714719724
1658,78.30946714719724
1659,78.30946714719724
1660,80.05000000000001
1661,78.2
1662,79.2
1663,81.6
1664,80.81818181818181
1665,77.33333333333333
1666,79.5
1667,78.8
1668,81.25
1669,78.4
1670,78.5
1671,80.60000000000001
1672,79.6
1673,80.73333333333333
1674,80.96666666666665
1675,79.675
1676,78.3
1677,82.2
1678,79.64285714285714
1679,82.8
1680,80.55
1681,78.42222222222222
1682,77.86605217063571
1683,79.3
1684,77.4
1685,80.55
1686,86.2
1687,78.8
1688,77.55714285714285
1689,78.4
1690,76.7
1691,78.4
1692,78.30946714719724
1693,79.9
1694,79.49285714285715
1695,80.36666666666667
1696,81.1
1697,77.9
1698,78.8
1699,79.425
1700,78.30946714719724
1701,83.94999999999999
1702,76.33333333333333
1703,78.69999999999999
1704,78.3
1705,77.06666666666666
1706,78.30946714719724
1707,77.3
1708,79.63333333333334
1709,79.1498000584429
1710,79.7125
1711,77.6
1712,78.30946714719724
1713,79.66666666666667
1714,78.30946714719724
1715,78.8
1716,78.5
1717,76.7
1718,77.4
1719,78.0
1720,78.8
1721,80.1
1722,82.9
1723,80.06666666666666
1724,80.25
1725,81.18571428571428
1726,79.85
1727,79.5
1728,79.56666666666666
1729,77.0
1730,77.425
1731,79.97086827292992
1732,79.9
1733,78.89999999999999
1734,79.075
1735,80.1
1736,77.3
1737,86.6
1738,79.15
1739,78.85
1740,78.30946714719724
1741,81.69999999999999
1742,79.69999999999999
1743,81.3
1744,81.65
1745,77.35
1746,77.6
1747,79.5
1748,77.61563816388532
1749,78.10135244959962
1750,77.42549356174091
1751,79.59523142908202
1752,78.11428571428571
1753,78.30946714719724
1754,81.4
1755,78.00236678679931
1756,79.8
1757,78.85
1758,78.09189342943945
1759,80.3
1760,75.33094671471972
1761,79.6
1762,80.6
1763,78.2131286486567
1764,78.86666666666666
1765,80.08729780981315
1766,82.52727272727272
1767,80.28809169669982
1768,78.8
1769,81.67894736842106
1770,79.02485893707895
1771,79.46970742075547
1772,80.48376365820593
1773,79.36913605766367
1774,80.0
1775,77.61509718404547
1776,82.28172291308152
1777,78.73871584005585
1778,77.8135349157039
1779,78.33722428610885
1780,76.5553676739654
1781,78.12235557843796
1782,77.66711748319987
1783,79.6598916096865
1784,82.43882565950759
1785,78.83166063102324
1786,80.55145222068097
1787,79.73954632966647
1788,81.95518934294394
1789,78.40286461509804
1790,79.22047335735986
1791,77.02837868588789
1792,81.63718237414105
1793,79.59093662052663
1794,80.11961976198512
1795,79.87867248466075
1796,78.5158989546455
1797,78.7
1798,77.16875
1799,76.97142857142856
1800,81.53333333333333
1801,76.78412226226644
1802,76.5
1803,79.42485205596084
1804,75.75
1805,80.25
1806,84.0
1807,78.30946714719724
1808,79.75
1809,77.09549634968859
1810,81.00189342943945
1811,81.9523667867993
1812,76.76666666666667
1813,76.20643924395279
1814,77.7
1815,77.59552509009949
1816,75.89999999999999
1817,79.14549634968859
1818,78.3
1819,78.39090909090909
1820,77.77142857142857
1821,79.23639051051408
1822,80.27294671471972
1823,75.525
1824,77.66982238239909
1825,81.41666666666667
1826,81.325
1827,78.5
1828,77.65608150817762
1829,79.35700982903437
1830,81.03918978055364
1831,78.24344310186648
1832,79.21194187060334
1833,79.2961397283045
1834,80.79547335735987
1835,78.82274817484429
1836,77.6004303248726
1837,80.56666666666666
1838,79.42781060218904
1839,81.6004508165332
1840,80.08412226226643
1841,81.21496193908551
1842,80.41452323716437
1843,77.71034377365045
1844,81.03846153846153
1845,79.28571428571429
1846,79.52666666666667
1847,79.71396447647982
1848,80.25396447647981
1849,79.25
1850,79.58421052631579
1851,79.78991802264574
1852,79.94844138004292
1853,84.74285714285715
1854,80.78126228629297
1855,79.65591696699828
1856,79.21378726167022
1857,79.26309169669983
1858,82.12503825700124
1859,81.29299591842728
1860,77.2119011062708
1861,78.69722529016178
1862,79.32353336765695
1863,80.244
1864,80.12199833656695
1865,78.26449701338157
1866,79.56729780981316
1867,80.74817260555263
1868,81.47994391023128
1869,81.25121657729845
1870,79.03355874159993
1871,79.48545229121419
1872,82.25091487918765
1873,81.55637868588789
1874,78.84186046511627
1875,81.46368339339966
1876,81.14
1877,80.65
1878,80.78315719434256
1879,79.73698223823992
1880,80.56300766054228
1881,79.92539446446655
1882,80.55
1883,80.52855664709493
1884,79.97354899751454
1885,79.58997195511564
1886,81.43529411764706
1887,79.9573449693215
1888,82.09570406819712
1889,79.37272727272727
1890,80.58
1891,77.95026297631104
1892,77.17142857142858
1893,79.03333333333333
1894,75.71666666666665
1895,77.48333333333333
1896,79.16
1897,75.49090909090908
1898,77.0
1899,76.85000000000001
1900,77.44500619165984
1901,77.95229288288556
1902,76.8338592859554
1903,77.3027027027027
1904,76.0005568910116
1905,81.05
1906,78.11451974436874
1907,75.71666666666667
1908,76.01966023055475
1909,81.8007282420921
1910,76.17142857142858
1911,77.3
1912,78.19999999999999
1913,74.73224850669078
1914,74.16923076923078
1915,76.76756829973307
1916,75.66343537891716
1917,76.6523667867993
1918,78.67444857221768
1919,76.08585100865866
1920,77.57142857142857
1921,79.3917697406543
1922,78.49642007207959
1923,76.30714285714285
1924,77.20803586812889
1925,77.05833333333334
1926,75.35794261585201
1927,77.56666666666666
1928,75.23333333333333
1929,77.9014564841842
1930,77.075
1931,78.1881905165712
1932,75.65912226226644
1933,76.85625682571832
1934,77.25743339339965
1935,79.15730873096246
1936,76.17999999999999
1937,76.83438523857747
1938,78.43964476479816
1939,77.08722428610884
1940,78.30000000000001
1941,77.2083786858879
1942,77.10000000000001
1943,75.94615384615385
1944,74.55396447647982
1945,77.27222222222223
1946,78.04444444444444
1947,78.66666666666667
1948,77.28491119119954
1949,76.64
1950,78.48347761564935
1951,77.6523667867993
1952,76.10000000000001
1953,80.49549634968858
1954,76.37222222222222
1955,77.92168304839062
1956,76.96
1957,77.2926959384494
1958,79.51988581725655
1959,79.32189342943946
1960,76.40094671471972
1961,77.43927509009949
1962,77.0
1963,76.39999999999999
1964,77.76963754504975
1965,79.48571428571428
1966,76.46428571428571
1967,75.1017212994904
1968,74.46159571442571
1969,75.8047619047619
1970,75.08698223823991
1971,75.54688208824595
1972,75.60000000000001
1973,75.58571428571429
1974,76.75384615384615
1975,77.23333333333333
1976,76.74631519519976
1977,76.08189342943945
1978,79.88571428571429
1979,80.2
1980,78.3406407324483
1981,74.21000000000001
1982,79.92884214739632
1983,76.48491119119954
1984,77.26666666666667
1985,79.50364121046047
1986,75.7507282420921
1987,76.60781908194267
1988,77.33734037616827
1989,76.18571428571428
1990,76.67999999999999
1991,79.3
1992,78.95
1993,73.35
1994,79.6
1995,81.33333333333333
1996,79.0
1997,78.0
1998,80.8689193235367
1999,79.60663437255741
2000,81.25
2001,80.93333333333334
2002,85.1
2003,84.8
2004,72.2
2005,79.6
2006,80.4
2007,80.9
2008,78.93491119119955
2009,79.3
2010,80.0
2011,77.0
2012,84.6
2013,80.35
2014,79.3
2015,79.19999999999999
2016,80.3
2017,80.7023667867993
2018,79.35
2019,82.53333333333335
2020,80.8
2021,74.1
2022,77.6
2023,84.3
2024,81.17999999999999
2025,78.05000000000001
2026,78.16666666666667
2027,77.8
2028,78.1
2029,81.08333333333333
2030,74.9
2031,81.69999999999999
2032,77.6
2033,71.44999999999999
2034,78.30946714719724
2035,80.725
2036,84.5
2037,78.61666666666667
2038,79.4
2039,78.125
2040,78.23333333333333
2041,78.88607186879958
2042,78.75
2043,78.31428571428572
2044,74.73491119119954
2045,77.01298186186641
2046,77.91818181818182
2047,75.89267181335374
2048,77.14856009610612
2049,78.44545454545454
2050,75.65
2051,75.07777777777778
2052,76.40219671471972
2053,77.47142857142856
2054,77.11094671471973
2055,74.58700912367254
2056,77.65797335735985
2057,75.23333333333332
2058,76.175
2059,77.03
2060,76.1
2061,76.45328088249816
2062,78.60833333333333
2063,77.76666666666667
2064,79.7916990613485
2065,76.67944563932618
2066,78.36785714285715
2067,74.98571428571428
2068,76.5521042964165
2069,78.72222222222223
2070,73.92857142857143
2071,80.3956889117713
2072,78.30027048991992
2073,76.28999999999999
2074,76.32198142250787
2075,78.6
2076,77.60000000000001
2077,77.35999999999999
2078,80.3
2079,75.16666666666667
2080,77.24285714285713
2081,83.0
2082,77.13076923076923
2083,73.48571428571428
2084,74.17391304347827
2085,77.175
2086,78.02251527867104
2087,74.225
2088,77.06904584834992
2089,76.91818181818182
2090,76.96415318562144
2091,75.2480260604374
2092,76.73412226226644
2093,75.29741334706277
2094,75.21163706373318
2095,79.45701262559992
2096,76.75
2097,78.93333333333334
2098,77.67142857142856
2099,77.67500000000001
2100,75.52277911323382
2101,76.575
2102,77.06666666666666
2103,76.07894736842105
2104,78.5
2105,78.53295395704552
2106,77.64
2107,77.2
2108,75.8084205497844
2109,73.64999999999999
2110,77.70625526555412
2111,76.53333333333333
2112,80.57142857142857
2113,75.47031557157325
2114,74.96526277336454
2115,77.57333333333332
2116,73.57000000000001
2117,78.37142857142858
2118,78.75
2119,76.93034264124648
2120,76.51893928061618
2121,75.65818181818182
2122,78.31428571428572
2123,78.28094671471972
2124,77.11111111111111
2125,75.16666666666667
2126,78.96392324688476
2127,76.725
2128,78.55342084834992
2129,79.35555555555555
2130,78.79030005148543
2131,80.73333333333333
2132,75.34
2133,78.76666666666667
2134,77.05
2135,78.3
2136,74.9
2137,74.92
2138,76.91818181818182
2139,79.7125
2140,77.30410118256533
2141,74.28181818181818
2142,74.76666666666667
2143,73.88
2144,82.45
2145,76.89991405599956
2146,75.0
2147,75.20743339339965
2148,78.15
2149,75.64
2150,75.27619047619048
2151,76.42
2152,75.72222222222223
2153,78.2
2154,79.35
2155,76.27499999999999
2156,73.9
2157,77.19094671471973
2158,76.65
2159,78.6
2160,79.1
2161,83.35
2162,79.1
2163,73.42
2164,75.8625
2165,75.93333333333334
2166,78.73333333333333
2167,74.83636363636364
2168,80.7
2169,72.2
2170,76.56666666666666
2171,74.41666666666667
2172,76.67142857142858
2173,77.9875
2174,76.10000000000001
2175,76.86666666666666
2176,77.825
2177,76.1
2178,76.35000000000001
2179,75.65
2180,69.71666666666665
2181,76.89999999999999
2182,73.5375
2183,75.9
2184,75.35
2185,77.4
2186,75.68442384160635
2187,73.78999999999999
2188,77.60000000000001
2189,74.01111111111112
2190,76.38000000000001
2191,77.15993731143497
2192,76.07765131901517
2193,75.28
2194,74.00625
2195,78.46666666666667
2196,82.4
2197,76.47142857142856
2198,75.94444444444444
2199,75.33333333333333
2200,75.19090909090909
2201,79.14
2202,75.1
2203,76.16266440017361
2204,76.22813337701793
2205,76.5923076923077
2206,79.975
2207,76.73333333333333
2208,75.56
2209,77.60000000000001
2210,80.91374087422145
2211,79.8378550180199
2212,78.01745559559977
2213,78.72
2214,76.62856009610611
2215,77.25
2216,76.90405734879882
2217,79.77995559559977
2218,76.93519422379119
2219,80.5
2220,81.4
2221,77.8
2222,81.3
2223,78.3392552962731
2224,78.0
2225,76.85625
2226,77.63000000000001
2227,79.15
2228,78.72270962273079
2229,77.9338592859554
2230,77.88571428571429
2231,77.83868339339965
2232,79.29154253702065
2233,80.5
2234,78.82995949072259
2235,79.18412226226643
2236,81.7
2237,78.32327412746636
2238,78.92729780981314
2239,78.4125
2240,78.89999999999999
2241,77.8875
2242,81.06199361284601
2243,78.2
2244,79.61176470588236
2245,79.92215074553032
2246,77.35628363588029
2247,77.78947368421052
2248,77.22567582641562
2249,78.58181818181818
2250,78.46132149215994
2251,77.53823529411765
2252,79.19285714285715
2253,79.58131749259854
2254,78.85476061698176
2255,77.41258098670457
2256,79.4
2257,77.00833333333334
2258,80.88631410250251
2259,80.64531726623434
2260,79.17999999999999
2261,78.12
2262,79.16666666666667
2263,78.40729780981314
2264,77.73954204987814
2265,79.72098778452228
2266,78.06923076923077
2267,77.68227316483325
2268,78.33333333333333
2269,77.38690004004421
2270,76.3919296429777
2271,76.0
2272,80.05555555555556
2273,76.96666666666667
2274,77.83333333333333
2275,79.95833333333333
2276,78.75340875833008
2277,77.74615384615385
2278,79.38
2279,76.72065990329482
2280,79.84183673469387
2281,76.98928571428571
2282,78.9483870967742
2283,79.32261755650518
2284,76.6139166897691
2285,79.0178942860136
2286,77.05
2287,77.33729780981315
2288,78.59166666666667
2289,79.47661822550278
2290,80.20069827363027
2291,79.375
2292,79.63998432785874
2293,77.03333333333333
2294,77.17
2295,75.60097538351229
2296,80.11824452453287
2297,79.72
2298,76.34273667867993
2299,80.81368339339966
2300,78.05714285714286
2301,76.95
2302,79.26363636363637
2303,78.57000000000001
2304,79.88284014415918
2305,77.275
2306,78.53076923076922
2307,77.03082939482024
2308,77.81563816388531
2309,77.96218934294394
2310,79.38571428571429
2311,78.36132149215993
2312,80.26535766312678
2313,78.8415111357537
2314,80.22732180180834
2315,78.51613997998281
2316,80.2515778578662
2317,77.64999999999999
2318,77.1917697406543
2319,72.5
2320,76.52051282051282
2321,75.6
2322,76.16824452453288
2323,79.64354156889696
2324,77.16591711178624
2325,75.93333333333334
2326,77.70469928626942
2327,74.18461538461538
2328,73.75454545454545
2329,75.42
2330,75.64245559559977
2331,74.01094671471972
2332,73.75684169669982
2333,75.05
2334,78.02875737177578
2335,77.05
2336,76.66189342943944
2337,74.62149900446053
2338,76.40063114314648
2339,77.55692733598555
2340,77.88571428571427
2341,75.72
2342,77.12287966299981
2343,76.34189342943945
2344,75.38000000000001
2345,75.66496193908552
2346,75.78934907614085
2347,74.00135244959961
2348,77.76254596542691
2349,73.75
2350,73.72857142857143
2351,77.73648904906575
2352,77.3875
2353,76.20063114314648
2354,74.73094671471972
2355,76.03026199057093
2356,77.0578817343276
2357,78.2
2358,76.301723685426
2359,75.53125801279977
2360,73.48888888888888
2361,73.64631519519975
2362,77.20020580754776
2363,83.5
2364,78.76666666666667
2365,76.25
2366,83.75
2367,80.01666666666667
2368,79.7375
2369,78.9
2370,74.8
2371,81.9
2372,81.6
2373,80.26666666666667
2374,80.9
2375,78.86666666666666
2376,82.47142857142856
2377,78.5
2378,80.15
2379,80.875
2380,78.66666666666667
2381,83.55
2382,78.80000000000001
2383,82.7
2384,81.1
2385,76.75
2386,81.8
2387,81.55000000000001
2388,76.6
2389,81.9
2390,81.7
2391,81.25
2392,78.30946714719724
2393,84.1
2394,79.85
2395,80.53333333333333
2396,80.8
2397,80.2
2398,80.5
2399,78.30946714719724
2400,79.35
2401,83.53333333333335
2402,79.26
2403,80.0844001310538
2404,82.35
2405,78.30946714719724
2406,77.35
2407,80.4
2408,80.46189342943944
2409,77.2
2410,79.4
2411,79.18140319748558
2412,77.2
2413,78.30946714719724
2414,79.26997683248683
2415,78.2
2416,80.2
2417,77.625
2418,79.2
2419,78.30946714719724
2420,81.23333333333333
2421,80.9
2422,79.4
2423,74.69999999999999
2424,80.55
2425,80.1
2426,80.66666666666667
2427,78.55000000000001
2428,79.58
2429,75.2
2430,76.68994079413302
2431,76.33333333333333
2432,72.78
2433,76.56666666666666
2434,76.96665250108502
2435,75.19473684210527
2436,73.33722428610885
2437,74.8
2438,74.92618339339965
2439,75.02941176470588
2440,75.3677185719108
2441,75.10000000000001
2442,74.08994079413303
2443,73.05
2444,73.32327412746636
2445,74.73412226226644
2446,74.6
2447,75.91496193908552
2448,76.7428497521189
2449,73.325
2450,76.80236678679931
2451,75.76
2452,75.4875
2453,76.06363636363636
2454,73.82499999999999
2455,75.58994079413303
2456,74.69353336765695
2457,74.8
2458,73.3
2459,75.36792895295963
2460,74.05
2461,74.43333333333332
2462,76.4789724046046
2463,72.65
2464,73.98333333333333
2465,73.43333333333332
2466,74.5084205497844
2467,74.16666666666667
2468,73.23333333333333
2469,73.36666666666666
2470,74.85157785786622
2471,74.16666666666667
2472,75.14
2473,72.35
2474,75.83438523857747
2475,73.72
2476,76.28940719434256
2477,73.5
2478,74.53438523857747
2479,74.96363636363637
2480,75.75
2481,75.41111111111111
2482,76.11
2483,74.0
2484,75.22662719608869
2485,74.36666666666666
2486,75.81824452453287
2487,76.62941176470588
2488,75.17094671471973
2489,73.65714285714286
2490,72.73333333333333
2491,75.05714285714285
2492,76.59338480020406
2493,78.2
2494,74.84189342943945
2495,75.42094671471973
2496,73.52857142857144
2497,75.55
2498,76.5
2499,74.22
2500,76.18792895295964
2501,74.78333333333333
2502,74.88267883156338
2503,75.25
2504,77.47462863026905
2505,72.2
2506,76.06666666666666
2507,75.96163706373318
2508,75.22423354287027
2509,73.94
2510,76.0637868588789
2511,75.50304959729216
2512,77.29919690548525
2513,75.17765131901517
2514,72.25
2515,75.15
2516,73.35
2517,73.4
2518,73.56666666666666
2519,75.84823770205206
2520,74.125
2521,76.3008606497452
2522,73.64999999999999
2523,80.83641447935098
2524,77.0913778235426
2525,77.61081220858131
2526,75.97500000000001
2527,76.0
2528,76.6515778578662
2529,78.36666666666666
2530,86.2
2531,77.9625
2532,78.86666666666666
2533,80.5
2534,80.34
2535,77.78
2536,74.4
2537,76.42992387817104
2538,77.05881650636252
2539,77.8468182753308
2540,78.15
2541,78.30946714719724
2542,77.2870667353139
2543,75.12222222222222
2544,77.68272420185087
2545,78.45984775634207
2546,81.76666666666667
2547,84.4
2548,76.45
2549,74.875
2550,78.26
2551,78.5875
2552,77.9
2553,78.38491119119954
2554,76.43333333333334
2555,78.98319389182517
2556,76.13333333333333
2557,83.80000000000001
2558,76.38571428571429
2559,77.36982238239908
2560,77.9884191849135
2561,76.45
2562,78.4
2563,77.7
2564,76.3
2565,79.75473357359863
2566,77.46666666666665
2567,80.01934748223093
2568,76.3
2569,79.47999999999999
2570,79.06745559559977
2571,79.725
2572,86.8
2573,76.2625
2574,76.69246330964124
2575,79.8
2576,76.8
2577,79.2
2578,77.86666666666667
2579,77.2
2580,77.25
2581,77.85519173964731
2582,78.425
2583,78.16
2584,78.35
2585,75.1
2586,79.23401278535398
2587,79.9
2588,78.4
2589,79.1
2590,81.7
2591,75.62
2592,75.21462382668562
2593,80.5
2594,78.48541288419352
2595,77.78740216603862
2596,79.7125
2597,76.43333333333334
2598,76.67777777777778
2599,79.15714285714286
2600,77.85
2601,77.8
2602,82.2
2603,80.16139828987343
2604,76.46666666666665
2605,76.11428571428571
2606,76.93333333333334
2607,78.39999999999999
2608,77.04455528842949
2609,75.8
2610,80.46000000000001
2611,81.2
2612,79.6
2613,78.18333333333334
2614,76.15714285714286
2615,75.35
2616,75.6283786858879
2617,78.60315571573241
2618,79.04827586206896
2619,77.82222222222222
2620,75.7
2621,78.56666666666668
2622,78.8
2623,77.4
2624,76.16363636363636
2625,77.99170013494933
2626,76.21563816388532
2627,83.5
2628,79.25
2629,78.75751474355155
2630,80.2
2631,75.78934907614087
2632,80.27555635919282
2633,76.4008606497452
2634,76.85714285714286
2635,77.47
2636,76.65555555555555
2637,77.15714285714286
2638,73.76
2639,77.2
2640,76.02105263157894
2641,75.12992387817103
2642,79.2
2643,76.8
2644,78.73333333333333
2645,75.2375
2646,82.2
2647,75.32432516681612
2648,76.1
2649,76.62857142857142
2650,77.03248096954276
2651,75.06982238239908
2652,79.275
2653,76.64549634968859
2654,81.13333333333334
2655,78.30946714719724
2656,78.30946714719724
2657,78.44
2658,81.69999999999999
2659,78.30946714719724
2660,78.30946714719724
2661,76.86824452453287
2662,77.05000000000001
2663,79.2
2664,74.39166666666667
2665,77.08
2666,78.44189342943945
2667,78.98333333333333
2668,78.3
2669,81.93333333333334
2670,76.26496193908552
2671,76.3
2672,81.25
2673,78.65
2674,78.75157785786621
2675,78.30946714719724
2676,77.13521575694077
2677,78.66666666666667
2678,75.7773667867993
2679,73.97736678679931
2680,84.19999999999999
2681,83.2
2682,76.53722428610884
2683,78.48888888888888
2684,78.46666666666667
2685,76.97366280163105
2686,78.30946714719724
2687,79.7
2688,86.4
2689,78.129980264711
2690,77.58571428571429
2691,80.8
2692,79.1
2693,75.75157785786621
2694,78.03930397109143
2695,78.55
2696,77.73333333333333
2697,75.7
2698,76.29376417649188
2699,77.47
2700,76.825
2701,75.64
2702,77.41323419908262
2703,78.36982238239908
2704,79.0
2705,74.65283176891415
2706,76.4
2707,76.26666666666667
2708,77.40526315789474
2709,79.3
2710,77.8
2711,74.63094671471973
2712,75.06848239534094
2713,78.85
2714,80.45
2715,78.16714950813746
2716,77.5
2717,78.3
2718,75.9
2719,77.22
2720,76.75
2721,78.6
2722,78.68189342943944
2723,78.99090909090908
2724,78.575
2725,76.21538461538461
2726,75.8
2727,74.13333333333333
2728,74.6
2729,77.10625
2730,79.55
2731,85.3
2732,76.30000000000001
2733,80.3
2734,75.18333333333334
2735,87.3
2736,77.36608456456578
2737,78.65
2738,77.5145956196263
2739,76.63333333333334
2740,84.0
2741,76.7
2742,79.6
2743,80.60000000000001
2744,77.62708464633248
2745,75.85437552711528
2746,79.6
2747,76.2
2748,78.4
2749,76.5375
2750,77.34075737177578
2751,79.52954503348211
2752,77.14
2753,77.12
2754,75.98571428571428
2755,80.25
2756,78.67999999999999
2757,78.88094671471973
2758,77.81
2759,77.50475944118249
2760,77.60189342943946
2761,79.8015778578662
2762,77.56666666666666
2763,78.60000000000001
2764,78.59288967262918
2765,77.60000000000001
2766,77.0
2767,74.87940185375105
2768,76.30236678679931
2769,78.60315571573241
2770,79.22364200695696
2771,79.71904246792703
2772,75.56666666666666
2773,78.40995155883611
2774,76.23094671471972
2775,78.5
2776,75.27499999999999
2777,78.76666666666667
2778,77.575
2779,80.19999999999999
2780,79.22727272727273
2781,80.38570774775351
2782,75.62
2783,78.30946714719724
2784,80.13235806918493
2785,80.7
2786,81.86666666666666
2787,86.25
2788,77.1
2789,79.07618339339965
2790,79.05
2791,82.1
2792,82.5
2793,78.4
2794,77.4
2795,79.0
2796,78.83047613916204
2797,76.875
2798,79.6
2799,78.96000000000001
2800,80.06590791409104
2801,77.96621831287197
2802,78.60000000000001
2803,79.74415214339966
2804,79.525
2805,81.05714285714286
2806,89.3
2807,77.554
2808,82.03999999999999
2809,82.13333333333334
2810,81.58
2811,80.80393910253683
2812,78.26666666666667
2813,78.99
2814,79.7
2815,80.64285714285714
2816,82.27000000000001
2817,80.42
2818,80.13
2819,80.85889127865234
2820,80.3338592859554
2821,81.85105190524413
2822,77.36148904906575
2823,80.77813337701792
2824,80.95387725621016
2825,76.78333333333333
2826,76.25
2827,76.84549634968859
2828,77.2
2829,81.03307583652807
2830,78.3076923076923
2831,77.4
2832,77.70643924395279
2833,74.85
2834,78.025
2835,73.775
2836,76.42189342943945
2837,74.18571428571428
2838,77.825
2839,73.7
2840,76.64245559559977
2841,76.25714285714285
2842,76.39999999999999
2843,76.83333333333333
2844,77.3
2845,78.9765778578662
2846,77.41997400718034
2847,78.90247517151518
2848,80.10000000000001
2849,76.88
2850,75.95
2851,79.5
2852,78.2
2853,76.95
2854,73.68243339339965
2855,73.6
2856,76.6884191849135
2857,71.35
2858,78.0
2859,81.92433599181354
2860,82.6
2861,83.8
2862,79.21232159689396
2863,78.06666666666666
2864,79.5773667867993
2865,76.81
2866,74.5
2867,78.52210479622838
2868,78.8515778578662
2869,75.15
2870,76.5773667867993
2871,77.7375
2872,78.44189342943945
2873,76.9
2874,80.5
2875,74.26982238239908
2876,75.92222222222222
2877,75.96903928635254
2878,78.64823770205204
2879,79.41167285832653
2880,78.65073962087479
2881,74.42857142857143
2882,77.6
2883,73.50135244959961
2884,77.45
2885,81.13636363636364
2886,78.86
2887,75.925
2888,78.5
2889,78.37736678679931
2890,77.0
2891,78.6
2892,80.76906681452222
2893,77.56666666666666
2894,76.0
2895,76.74409834677836
2896,78.2
2897,80.35
2898,80.01563816388533
2899,74.66189342943944
2900,80.76982238239908
2901,76.58994079413303
2902,78.02189342943946
2903,78.12795848349914
2904,77.76666666666667
2905,77.76666666666667
2906,76.4922000655269
2907,75.80422231120936
2908,81.10236678679931
2909,78.5273667867993
2910,72.7
2911,76.7023667867993
2912,78.46000000000001
2913,76.17999999999999
2914,74.925
2915,72.28181818181818
2916,75.88125
2917,79.2023667867993
2918,73.91765599148343
2919,79.14189342943945
2920,76.1637868588789
2921,79.25984775634207
2922,79.84365148088631
2923,76.01189342943945
2924,77.70631143146483
2925,79.65
2926,78.19999999999999
2927,75.78491119119954
2928,79.20052595262206
2929,74.95258552813901
2930,80.225
2931,79.77894736842104
2932,76.17142857142858
2933,76.56
2934,75.18333333333334
2935,78.66666666666667
2936,74.87882968302192
2937,77.5037868588789
2938,78.60063114314649
2939,79.41181238127386
2940,76.0
2941,76.3756762247998
2942,76.55000000000001
2943,72.46189342943946
2944,73.7917697406543
2945,78.44142007207958
2946,76.6
2947,76.99230769230769
2948,75.2
2949,77.22736678679931
2950,78.2
2951,77.96000000000001
2952,74.02727272727272
2953,76.03333333333333
2954,79.48189342943945
2955,78.66
2956,77.68491119119953
2957,79.44181988475638
2958,80.27210479622838
2959,78.75172129949041
2960,79.1063154123383
2961,79.0
2962,77.02122779779988
2963,81.1
2964,79.39999999999999
2965,80.23149747286132
2966,82.5
2967,80.31875
2968,76.93585100865866
2969,80.89295080820821
2970,80.98868339339965
2971,81.05650588679383
2972,79.2250134032287
2973,80.7375
2974,82.73333333333333
2975,78.315
2976,81.05
2977,77.66563816388532
2978,80.52000000000001
2979,77.60118339339965
2980,79.24
2981,78.49600933585097
2982,83.14189342943945
2983,79.62729780981314
2984,79.98189342943945
2985,79.54865785255619
2986,77.734466040899
2987,77.625
2988,79.71237868588788
2989,78.4
2990,79.88412226226644
2991,80.34201180710565
2992,80.07284014415917
2993,78.28909926993771
2994,73.94999999999999
2995,76.29285714285713
2996,75.41486678679931
2997,76.93333333333334
2998,75.21666666666665
2999,73.63168738946189
3000,74.4
3001,76.0
3002,80.1
3003,76.41666666666667
3004,77.15
3005,77.0
3006,75.44285714285715
3007,78.14
3008,75.6375
3009,78.5
3010,74.55454545454546
3011,78.01666666666667
3012,77.93333333333334
3013,75.28184657714696
3014,74.28
3015,72.58
3016,75.83333333333333
3017,76.50608150817762
3018,75.17777777777778
3019,76.96666666666667
3020,75.6125
3021,73.46875
3022,76.67142857142858
3023,73.25714285714285
3024,77.82280565566609
3025,81.0
3026,76.375
3027,74.0
3028,75.60555555555555
3029,80.5
3030,76.25
3031,76.00236678679931
3032,77.0625
3033,77.76
3034,75.32352941176471
3035,79.44420959245676
3036,76.7
3037,74.975
3038,72.85
3039,76.2
3040,77.60000000000001
3041,78.06666666666666
3042,76.61824452453287
3043,75.66363636363636
3044,76.03333333333333
3045,75.78
3046,77.45
3047,75.33461538461539
3048,72.75
3049,77.50270489919922
3050,77.37736678679931
3051,79.02000000000001
3052,80.46824452453286
3053,79.05105190524415
3054,80.28189342943945
3055,78.36666666666666
3056,80.7909090909091
3057,80.01818181818182
3058,80.825
3059,80.23333333333333
3060,79.68333333333334
3061,79.98050043365798
3062,78.86594671471973
3063,78.78189342943945
3064,78.19449241858398
3065,81.20118339339966
3066,78.91331350151903
3067,79.75
3068,79.99642007207959
3069,77.675
3070,79.46745559559977
3071,79.725
3072,78.7
3073,80.7
3074,79.67736678679931
3075,79.76
3076,80.34547335735986
3077,78.72857142857143
3078,77.69298154822184
3079,80.1237868588789
3080,79.03427211532734
3081,82.46000000000001
3082,79.51824452453288
3083,78.29094671471972
3084,79.36189342943945
3085,80.41111111111111
3086,79.0091487918765
3087,78.8
3088,79.90473357359862
3089,77.12715134813892
3090,79.13333333333334
3091,78.8917697406543
3092,78.60849530674247
3093,78.89868339339965
3094,80.93783864707339
3095,81.5
3096,80.67618339339965
3097,78.66
3098,80.88060010297083
3099,78.70157785786621
3100,78.07501638172396
3101,80.8
3102,78.00149481271535
3103,81.36189342943945
3104,80.19999999999999
3105,77.5
3106,79.3826788315634
3107,78.8488494183109
3108,79.59353336765695
3109,82.93491119119953
3110,80.825
3111,81.02857142857144
3112,79.02000000000001
3113,78.91492733825417
3114,77.22
3115,79.7506762247998
3116,80.47806518332985
3117,77.88333333333334
3118,79.31563816388531
3119,78.78872850216558
3120,79.38346672319967
3121,80.39189342943945
3122,81.13333333333334
3123,78.38841918491349
3124,78.64189342943945
3125,82.0
3126,87.1
3127,78.9
3128,81.2
3129,77.40473357359862
3130,83.9
3131,80.03513659946614
3132,80.55
3133,79.46163706373318
3134,77.9
3135,81.67999999999999
3136,78.95
3137,79.71666666666665
3138,81.95
3139,78.96070012013264
3140,81.95
3141,77.7
3142,80.60000000000001
3143,78.8
